insert into Users(user_id, user_login, user_password_hash)
values (0, 'user', '5e884898da28047151d0e56f8dc6292773603d0d6aabbdd62a11ef721d1542d8');


insert into Courses(course_id, course_name, course_description)
values (1, 'Алгебра. Начальная школа',
        'В курсе затронуты основные темы необходимые для школьников начальных классов: запись чисел, сложение, вычитание, деление, умножение и величины.'),
       (2, 'Английский язык для начинающих',
        'Курс рассчитан на базовое знакомство с английским языком, а именно на изучение несложных слов.');


insert into Lessons (lesson_id, lesson_name)
values (1, 'Запись чисел'),
       (2, 'Сложение и вычитание'),
       (3, 'Умножение и деление'),
       (4, 'Величины'),

       (5, 'Времена года'),
       (6, 'Дни недели'),
       (7, 'Животные'),
       (8, 'Транспорт');


insert into LessonsForCourses(course_id, lesson_id, lesson_number)
values (1, 1, 1),
       (1, 2, 2),
       (1, 3, 3),
       (1, 4, 4),

       (2, 5, 1),
       (2, 6, 2),
       (2, 7, 3),
       (2, 8, 4);


begin;
set constraints correct_answer_fk deferred;
insert into Questions(question_id, question_text, correct_answer_option_id)
values (1, 'Какого символа нет в римской системе счисления?', 1),
       (2, 'Какого символа нет в десятичной системе счисления?', 5),
       (3, 'Как записывается число десять в римской системе счисления?', 10),
       (4, 'Как записывается число пять в десятичной системе счисления?', 16),
       (5, 'Каким из символов записывается сложение?', 17),
       (6, 'Каким из символов записывается вычитание?', 22),
       (7, 'Чему равно значение выражения 100 + 21?', 28),
       (8, 'Чему равно значение выражения 50 - 4?', 29),
       (9, 'Каким из символов записывается умножение?', 35),
       (10, 'Каким из символов записывается деление?', 40),
       (11, 'Чему равно значение выражения 5 * 20?', 41),
       (12, 'Чему равно значение выражения 20 / 4?', 48),
       (13, 'В каких единицах измерения измеряется масса?', 49),
       (14, 'В каких единицах измерения измеряется длина?', 54),
       (15, 'Сколько сантиметров в одном метре?', 57),
       (16, 'Сколько грамм в одном килограмме?', 64),
       (17, 'Как будет зима на английском?', 65),
       (18, 'Как будет лето на английском?', 71),
       (19, 'Что означает March?', 75),
       (20, 'Что означает October?', 80),
       (21, 'Как будет понедельник на английском?', 82),
       (22, 'Как будет четверг на английском?', 87),
       (23, 'Что означает Wednesday?', 90),
       (24, 'Что означает Saturday?', 96),
       (25, 'Как будет лев на английском?', 97),
       (26, 'Как будет лошадь на английском?', 104),
       (27, 'Что означает Rabbit?', 106),
       (28, 'Что означает Dog?', 111),
       (29, 'Как будет машина на английском?', 115),
       (30, 'Как будет лодка на английском?', 117),
       (31, 'Что означает Plane?', 121),
       (32, 'Что означает Ship?', 128);

insert into QuestionsForLessons (lesson_id, question_id, question_number)
values (1, 1, 1),
       (1, 2, 2),
       (1, 3, 3),
       (1, 4, 4),
       (2, 5, 1),
       (2, 6, 2),
       (2, 7, 3),
       (2, 8, 4),
       (3, 9, 1),
       (3, 10, 2),
       (3, 11, 3),
       (3, 12, 4),
       (4, 13, 1),
       (4, 14, 2),
       (4, 15, 3),
       (4, 16, 4),
       (5, 17, 1),
       (5, 18, 2),
       (5, 19, 3),
       (5, 20, 4),
       (6, 21, 1),
       (6, 22, 2),
       (6, 23, 3),
       (6, 24, 4),
       (7, 25, 1),
       (7, 26, 2),
       (7, 27, 3),
       (7, 28, 4),
       (8, 29, 1),
       (8, 30, 2),
       (8, 31, 3),
       (8, 32, 4);

insert into AnswerOptions (answer_option_id, question_id, answer_option_text)
values (1, 1, '1'),
       (2, 1, 'X'),
       (3, 1, 'V'),
       (4, 1, 'M'),
       (5, 2, '%'),
       (6, 2, '1'),
       (7, 2, '5'),
       (8, 2, '3'),
       (9, 3, '1'),
       (10, 3, 'X'),
       (11, 3, 'V'),
       (12, 3, '10'),
       (13, 4, '10'),
       (14, 4, 'X'),
       (15, 4, 'V'),
       (16, 4, '5'),
       (17, 5, '+'),
       (18, 5, '-'),
       (19, 5, '*'),
       (20, 5, '/'),
       (21, 6, '+'),
       (22, 6, '-'),
       (23, 6, '*'),
       (24, 6, '/'),
       (25, 7, '111'),
       (26, 7, '1000'),
       (27, 7, '1'),
       (28, 7, '121'),
       (29, 8, '46'),
       (30, 8, '36'),
       (31, 8, '14'),
       (32, 8, '10'),
       (33, 9, '+'),
       (34, 9, '-'),
       (35, 9, '*'),
       (36, 9, '/'),
       (37, 10, '+'),
       (38, 10, '-'),
       (39, 10, '*'),
       (40, 10, '/'),
       (41, 11, '100'),
       (42, 11, '1000'),
       (43, 11, '99'),
       (44, 11, '80'),
       (45, 12, '1'),
       (46, 12, '20'),
       (47, 12, '4'),
       (48, 12, '5'),
       (49, 13, 'килограммы'),
       (50, 13, 'сантиметры'),
       (51, 13, 'аршины'),
       (52, 13, 'ньютоны'),
       (53, 14, 'градусы'),
       (54, 14, 'сантиметры'),
       (55, 14, 'ньютоны'),
       (56, 14, 'попугаи'),
       (57, 15, '100'),
       (58, 15, '10'),
       (59, 15, '1'),
       (60, 15, '5'),
       (61, 16, '500'),
       (62, 16, '100'),
       (63, 16, '10'),
       (64, 16, '1000'),
       (65, 17, 'winter'),
       (66, 17, 'spring'),
       (67, 17, 'summer'),
       (68, 17, 'autumn'),
       (69, 18, 'winter'),
       (70, 18, 'spring'),
       (71, 18, 'summer'),
       (72, 18, 'autumn'),
       (73, 19, 'апрель'),
       (74, 19, 'июнь'),
       (75, 19, 'март'),
       (76, 19, 'январь'),
       (77, 20, 'ноябрь'),
       (78, 20, 'декабрь'),
       (79, 20, 'апрель'),
       (80, 20, 'октябрь'),
       (81, 21, 'wednesday'),
       (82, 21, 'monday'),
       (83, 21, 'thursday'),
       (84, 21, 'sunday'),
       (85, 22, 'wednesday'),
       (86, 22, 'monday'),
       (87, 22, 'thursday'),
       (88, 22, 'sunday'),
       (89, 23, 'воскресенье'),
       (90, 23, 'среда'),
       (91, 23, 'вторник'),
       (92, 23, 'суббота'),
       (93, 24, 'воскресенье'),
       (94, 24, 'среда'),
       (95, 24, 'вторник'),
       (96, 24, 'суббота'),
       (97, 25, 'lion'),
       (98, 25, 'mouse'),
       (99, 25, 'parrot'),
       (100, 25, 'horse'),
       (101, 26, 'lion'),
       (102, 26, 'mouse'),
       (103, 26, 'parrot'),
       (104, 26, 'horse'),
       (105, 27, 'слон'),
       (106, 27, 'кролик'),
       (107, 27, 'собака'),
       (108, 27, 'курица'),
       (109, 28, 'слон'),
       (110, 28, 'кролик'),
       (111, 28, 'собака'),
       (112, 28, 'курица'),
       (113, 29, 'boat'),
       (114, 29, 'bike'),
       (115, 29, 'car'),
       (116, 29, 'helicopter'),
       (117, 30, 'boat'),
       (118, 30, 'bike'),
       (119, 30, 'car'),
       (120, 30, 'helicopter'),
       (121, 31, 'самолет'),
       (122, 31, 'паровоз'),
       (123, 31, 'поезд'),
       (124, 31, 'корабль'),
       (125, 32, 'самолет'),
       (126, 32, 'паровоз'),
       (127, 32, 'поезд'),
       (128, 32, 'корабль');
commit;